[{"model": "blog.post", "pk": 1, "fields": {"author": 1, "title": "First Post", "text": "first post text", "created_date": "2017-05-09T21:05:06Z", "published_date": "2017-05-09T21:05:21Z"}}, {"model": "blog.post", "pk": 2, "fields": {"author": 1, "title": "Second Post", "text": "second post text", "created_date": "2017-05-09T21:05:54Z", "published_date": null}}, {"model": "blog.post", "pk": 3, "fields": {"author": 1, "title": "Sample title", "text": "Testsadfasdfasdfasfzdsf", "created_date": "2017-05-10T00:26:15.664Z", "published_date": "2017-05-10T07:35:36.401Z"}}, {"model": "blog.post", "pk": 4, "fields": {"author": 1, "title": "Sample title 2", "text": "Test 2", "created_date": "2017-05-10T00:27:24.070Z", "published_date": null}}, {"model": "blog.post", "pk": 5, "fields": {"author": 1, "title": "Next Post", "text": "This looks almost exactly the same as our post_new view, right? But not entirely. For one, we pass an extra pk parameter from urls. Next, we get the Post model we want to edit with get_object_or_404(Post, pk=pk) and then, when we create a form, we pass this post as an instance, both when we save the form\u2026\r\n\r\nblog/views.py\r\n\r\nform = PostForm(request.POST, instance=post)", "created_date": "2017-05-10T07:33:31.462Z", "published_date": "2017-05-10T07:33:31.478Z"}}, {"model": "blog.post", "pk": 6, "fields": {"author": 1, "title": "Next Post asdf", "text": "This looks almost exactly the same as our post_new view, right? But not entirely. For one, we pass an extra pk parameter from urls. Next, we get the Post model we want to edit with get_object_or_404(Post, pk=pk) and then, when we create a form, we pass this post as an instance, both when we save the form\u2026\r\n\r\nblog/views.py\r\n\r\nform = PostForm(request.POST, instance=post)", "created_date": "2017-05-10T07:34:46.239Z", "published_date": "2017-05-10T07:35:22.905Z"}}, {"model": "blog.cardtype", "pk": 1, "fields": {"title": "Action", "description": "Action", "created_by": 1, "created_ts": "2017-05-14T02:34:27Z"}}, {"model": "blog.cardtype", "pk": 2, "fields": {"title": "State", "description": "State", "created_by": 1, "created_ts": "2017-05-14T02:34:42Z"}}, {"model": "blog.card", "pk": 2, "fields": {"title": "Flower", "text": "A sunflower with sky in the background", "card_type": 2, "image": "images/flower.jpg", "created_by": 1, "created_ts": "2017-05-11T21:04:07Z"}}, {"model": "blog.card", "pk": 3, "fields": {"title": "Puppy", "text": "A puppy playing in the grass", "card_type": 2, "image": "images/puppy.jpg", "created_by": 1, "created_ts": "2017-05-11T22:24:30Z"}}, {"model": "blog.card", "pk": 4, "fields": {"title": "Glass", "text": "Something to drink out of", "card_type": 2, "image": "images/6bb0200f-56a9-43d8-be7c-dcdf1d797499.gif", "created_by": 1, "created_ts": "2017-05-14T02:35:59Z"}}, {"model": "blog.card", "pk": 5, "fields": {"title": "Combine", "text": "Mix the water and coffee in a container", "card_type": 1, "image": "images/6ce8d73f-80cb-413a-8437-a846efe71655.gif", "created_by": 1, "created_ts": "2017-05-14T02:40:08Z"}}, {"model": "blog.card", "pk": 6, "fields": {"title": "Cold Brewed Coffee", "text": "Just the coffee water with flavor and caffeine in it", "card_type": 2, "image": "images/7d5088df-3305-47d3-b6cc-4df5a86a9a8c.gif", "created_by": 1, "created_ts": "2017-05-14T02:41:00Z"}}, {"model": "blog.card", "pk": 7, "fields": {"title": "Gritty Cold Coffee", "text": "Coffee water with the grounds still in it", "card_type": 2, "image": "images/90b8d71c-9171-4da5-aba6-e4be9067a8ee.gif", "created_by": 1, "created_ts": "2017-05-14T02:42:51Z"}}, {"model": "blog.card", "pk": 8, "fields": {"title": "Water", "text": "Clean water, the purer the better", "card_type": 2, "image": "images/195a6d67-afbb-4357-a743-b8daac776071.gif", "created_by": 1, "created_ts": "2017-05-14T02:43:42Z"}}, {"model": "blog.card", "pk": 9, "fields": {"title": "Coffee Filter", "text": "Any coffee filter or strainer will do", "card_type": 2, "image": "images/516ba301-9f17-4cf5-b13e-648cd001779b.gif", "created_by": 1, "created_ts": "2017-05-14T02:44:16Z"}}, {"model": "blog.card", "pk": 10, "fields": {"title": "Chill in Fridge", "text": "Let the container of soaking coffee sit in the refrigerator overnight, or an equivalent amount of time", "card_type": 1, "image": "images/6478dbfb-976f-4e8a-a1a7-0f17fa2a5e6a.gif", "created_by": 1, "created_ts": "2017-05-14T02:44:57Z"}}, {"model": "blog.card", "pk": 11, "fields": {"title": "Jar", "text": "Any kind of container really, but glass is probably better", "card_type": 2, "image": "images/ad628128-91dd-48ed-811f-5b2bd443acd6.gif", "created_by": 1, "created_ts": "2017-05-14T02:45:55Z"}}, {"model": "blog.card", "pk": 12, "fields": {"title": "Strain", "text": "Strain the coffee grounds out of the coffee water", "card_type": 1, "image": "images/c411d995-8c8f-4368-a428-3b286b727303.gif", "created_by": 1, "created_ts": "2017-05-14T02:46:45Z"}}, {"model": "blog.card", "pk": 13, "fields": {"title": "Soaking Coffee", "text": "The coffee should be fully soaked and dissolved in the water", "card_type": 2, "image": "images/c881550c-11be-4ffe-b720-55dca8b9fbed.gif", "created_by": 1, "created_ts": "2017-05-14T02:47:27Z"}}, {"model": "blog.card", "pk": 14, "fields": {"title": "Refrigerator", "text": "Just your typical refrigerator", "card_type": 2, "image": "images/dbcabce4-a884-4a78-8aec-2a6bbc74b31e.gif", "created_by": 1, "created_ts": "2017-05-14T02:48:34Z"}}, {"model": "blog.card", "pk": 15, "fields": {"title": "Coffee Grounds", "text": "Any kind of bean, any kind of grind", "card_type": 2, "image": "images/fe42b907-7896-470a-ba7f-850f8fdee6b9.gif", "created_by": 1, "created_ts": "2017-05-14T02:49:14Z"}}, {"model": "blog.checkbox", "pk": 15, "fields": {"title": "Puppy", "card": 3, "created_by": 1, "created_ts": "2017-05-13T05:07:35.728Z"}}, {"model": "blog.checkbox", "pk": 35, "fields": {"title": "Chill in Fridge", "card": 10, "created_by": 1, "created_ts": "2017-05-14T04:05:02.516Z"}}, {"model": "blog.checkbox", "pk": 36, "fields": {"title": "Refrigerator", "card": 14, "created_by": 1, "created_ts": "2017-05-14T04:05:07.029Z"}}, {"model": "blog.checkbox", "pk": 37, "fields": {"title": "Strain", "card": 12, "created_by": 1, "created_ts": "2017-05-14T04:05:22.733Z"}}, {"model": "blog.checkbox", "pk": 38, "fields": {"title": "Combine", "card": 5, "created_by": 1, "created_ts": "2017-05-14T04:05:24.367Z"}}, {"model": "blog.checkbox", "pk": 39, "fields": {"title": "Cold Brewed Coffee", "card": 6, "created_by": 1, "created_ts": "2017-05-14T04:05:27.651Z"}}, {"model": "blog.project", "pk": 1, "fields": {"title": "Cold Brew Coffee", "description": "How to brew coffee the cold way", "created_by": 1, "created_ts": "2017-05-14T03:00:15Z"}}, {"model": "blog.projectcard", "pk": 1, "fields": {"title": "Cold Brew Coffee - Glass", "project": 1, "card": 4, "created_by": 1, "created_ts": "2017-05-14T03:01:06Z"}}, {"model": "blog.projectcard", "pk": 2, "fields": {"title": "Cold Brew Coffee - Combine", "project": 1, "card": 5, "created_by": 1, "created_ts": "2017-05-14T03:01:23Z"}}, {"model": "blog.projectcard", "pk": 3, "fields": {"title": "Cold Brew Coffee - Cold Brewed Coffee", "project": 1, "card": 6, "created_by": 1, "created_ts": "2017-05-14T03:01:41Z"}}, {"model": "blog.projectcard", "pk": 4, "fields": {"title": "Cold Brew Coffee - Gritty Cold Coffee", "project": 1, "card": 7, "created_by": 1, "created_ts": "2017-05-14T03:02:03Z"}}, {"model": "blog.projectcard", "pk": 5, "fields": {"title": "Cold Brew Coffee - Water", "project": 1, "card": 8, "created_by": 1, "created_ts": "2017-05-14T03:02:23Z"}}, {"model": "blog.projectcard", "pk": 6, "fields": {"title": "Cold Brew Coffee - Coffee Filter", "project": 1, "card": 9, "created_by": 1, "created_ts": "2017-05-14T03:03:03Z"}}, {"model": "blog.projectcard", "pk": 7, "fields": {"title": "Cold Brew Coffee - Chill in Fridge", "project": 1, "card": 10, "created_by": 1, "created_ts": "2017-05-14T03:03:19Z"}}, {"model": "blog.projectcard", "pk": 8, "fields": {"title": "Cold Brew Coffee - Jar", "project": 1, "card": 11, "created_by": 1, "created_ts": "2017-05-14T03:03:32Z"}}, {"model": "blog.projectcard", "pk": 9, "fields": {"title": "Cold Brew Coffee - Strain", "project": 1, "card": 12, "created_by": 1, "created_ts": "2017-05-14T03:03:45Z"}}, {"model": "blog.projectcard", "pk": 10, "fields": {"title": "Cold Brew Coffee - Soaking Coffee", "project": 1, "card": 13, "created_by": 1, "created_ts": "2017-05-14T03:04:06Z"}}, {"model": "blog.projectcard", "pk": 11, "fields": {"title": "Cold Brew Coffee - Refrigerator", "project": 1, "card": 14, "created_by": 1, "created_ts": "2017-05-14T03:04:32Z"}}, {"model": "blog.projectcard", "pk": 12, "fields": {"title": "Cold Brew Coffee - Coffee Grounds", "project": 1, "card": 15, "created_by": 1, "created_ts": "2017-05-14T03:04:47Z"}}, {"model": "blog.cardlink", "pk": 1, "fields": {"title": "Coffee Grounds - Combine", "card_before": 15, "card_after": 5, "created_by": 1, "created_ts": "2017-05-14T02:50:49Z"}}, {"model": "blog.cardlink", "pk": 2, "fields": {"title": "Water - Combine", "card_before": 8, "card_after": 5, "created_by": 1, "created_ts": "2017-05-14T02:51:31Z"}}, {"model": "blog.cardlink", "pk": 3, "fields": {"title": "Jar - Combine", "card_before": 11, "card_after": 5, "created_by": 1, "created_ts": "2017-05-14T02:51:59Z"}}, {"model": "blog.cardlink", "pk": 4, "fields": {"title": "Combine - Soaking Coffee", "card_before": 5, "card_after": 13, "created_by": 1, "created_ts": "2017-05-14T02:52:14Z"}}, {"model": "blog.cardlink", "pk": 5, "fields": {"title": "Soaking Coffee - Chill in Fridge", "card_before": 13, "card_after": 10, "created_by": 1, "created_ts": "2017-05-14T02:52:34Z"}}, {"model": "blog.cardlink", "pk": 6, "fields": {"title": "Refrigerator - Chill in Fridge", "card_before": 14, "card_after": 10, "created_by": 1, "created_ts": "2017-05-14T02:53:00Z"}}, {"model": "blog.cardlink", "pk": 7, "fields": {"title": "Chill in Fridge - Gritty Cold Coffee", "card_before": 10, "card_after": 7, "created_by": 1, "created_ts": "2017-05-14T02:53:20Z"}}, {"model": "blog.cardlink", "pk": 8, "fields": {"title": "Gritty Cold Coffee - Strain", "card_before": 7, "card_after": 12, "created_by": 1, "created_ts": "2017-05-14T02:53:39Z"}}, {"model": "blog.cardlink", "pk": 9, "fields": {"title": "Coffee Filter - Strain", "card_before": 9, "card_after": 12, "created_by": 1, "created_ts": "2017-05-14T02:53:59Z"}}, {"model": "blog.cardlink", "pk": 10, "fields": {"title": "Glass - Strain", "card_before": 4, "card_after": 12, "created_by": 1, "created_ts": "2017-05-14T02:54:26Z"}}, {"model": "blog.cardlink", "pk": 11, "fields": {"title": "Strain - Cold Brewed Coffee", "card_before": 12, "card_after": 6, "created_by": 1, "created_ts": "2017-05-14T02:54:38Z"}}, {"model": "blog.projectresource", "pk": 1, "fields": {"title": "Cold Brew Coffee - Glass", "project": 1, "resource_card": 4, "created_by": 1, "created_ts": "2017-05-14T03:47:03Z"}}, {"model": "blog.projectresource", "pk": 2, "fields": {"title": "Cold Brew Coffee - Water", "project": 1, "resource_card": 8, "created_by": 1, "created_ts": "2017-05-14T03:47:23Z"}}, {"model": "blog.projectresource", "pk": 3, "fields": {"title": "Cold Brew Coffee - Coffee Filter", "project": 1, "resource_card": 9, "created_by": 1, "created_ts": "2017-05-14T03:47:41Z"}}, {"model": "blog.projectresource", "pk": 4, "fields": {"title": "Cold Brew Coffee - Jar", "project": 1, "resource_card": 11, "created_by": 1, "created_ts": "2017-05-14T03:47:56Z"}}, {"model": "blog.projectresource", "pk": 5, "fields": {"title": "Cold Brew Coffee - Refrigerator", "project": 1, "resource_card": 14, "created_by": 1, "created_ts": "2017-05-14T03:48:11Z"}}, {"model": "blog.projectresource", "pk": 6, "fields": {"title": "Cold Brew Coffee - Coffee Grounds", "project": 1, "resource_card": 15, "created_by": 1, "created_ts": "2017-05-14T03:48:29Z"}}, {"model": "blog.projectresult", "pk": 1, "fields": {"title": "Cold Brew Coffee - Cold Brewed Coffee", "project": 1, "result_card": 6, "created_by": 1, "created_ts": "2017-05-14T03:49:12Z"}}, {"model": "blog.projectstep", "pk": 1, "fields": {"title": "Cold Brew Coffee - 1 - Combine", "project": 1, "step_card": 5, "step_num": 1, "created_by": 1, "created_ts": "2017-05-14T03:49:35Z"}}, {"model": "blog.projectstep", "pk": 2, "fields": {"title": "Cold Brew Coffee - 2 - Chill in Fridge", "project": 1, "step_card": 10, "step_num": 2, "created_by": 1, "created_ts": "2017-05-14T03:50:09Z"}}, {"model": "blog.projectstep", "pk": 3, "fields": {"title": "Cold Brew Coffee - 3 - Strain", "project": 1, "step_card": 12, "step_num": 3, "created_by": 1, "created_ts": "2017-05-14T03:50:31Z"}}]